{
    "mcpServers": {
      "weather": {
        "command": "uv",
        "args": [
          "run",
          "--with",
          "mcp[cli]",
          "mcp",
          "run",
          "/Users/arunkumar/AI_Models/Agentic_Cursor/wheather_MCP/server/weather.py"
        ]
      },
      "duckduckgo-search": {
        "command": "npx",
        "args": ["duckduckgo-mcp-server"]
      },
      "mcp-simple-timeserver": {
      "command": "npx",
      "args": [
        "-y",
        "@smithery/cli@latest",
        "run",
        "mcp-simple-timeserver",
        "--key",
        "5f1235ca-a4d0-48af-a034-3bc05a207303"
      ]
    }
    }
  }